메뉴명,검색어,이미지URL
윙봉데리야끼강정(국산),korean teriyaki korean sweet crispy glazed food,https://images.pexels.com/photos/18283713/pexels-photo-18283713.jpeg?auto=compress&cs=tinysrgb&h=650&w=940
유자청연근무침,korean lotus root korean seasoned salad yuzu citrus food,https://images.pexels.com/photos/12755998/pexels-photo-12755998.jpeg?auto=compress&cs=tinysrgb&h=650&w=940
일본토마토하이라이스,korean japanese hayashi rice food,https://images.pexels.com/photos/18283713/pexels-photo-18283713.jpeg?auto=compress&cs=tinysrgb&h=650&w=940
일본하이라이스,korean japanese hayashi rice food,https://images.pexels.com/photos/18283713/pexels-photo-18283713.jpeg?auto=compress&cs=tinysrgb&h=650&w=940
자반고등어2마리,korean mackerel grilled food,https://images.pexels.com/photos/28246107/pexels-photo-28246107.jpeg?auto=compress&cs=tinysrgb&h=650&w=940
전주식콩나물국,korean bean sprouts korean soup korean savory pancake jeon food,https://images.pexels.com/photos/15955380/pexels-photo-15955380.jpeg?auto=compress&cs=tinysrgb&h=650&w=940
전주식콩나물국밥,korean bean sprouts korean soup korean savory pancake jeon food,https://images.pexels.com/photos/15955380/pexels-photo-15955380.jpeg?auto=compress&cs=tinysrgb&h=650&w=940
조개미역국,korean clam seaweed soup korean soup food,https://images.pexels.com/photos/772518/pexels-photo-772518.png?auto=compress&cs=tinysrgb&h=650&w=940
조개살미역국,korean clam seaweed soup korean soup food,https://images.pexels.com/photos/772518/pexels-photo-772518.png?auto=compress&cs=tinysrgb&h=650&w=940
쥐포조림,korean dried fish jerky korean braised dish food,https://images.pexels.com/photos/18283713/pexels-photo-18283713.jpeg?auto=compress&cs=tinysrgb&h=650&w=940
쥐포채조림,korean dried fish jerky korean braised dish food,https://images.pexels.com/photos/18283713/pexels-photo-18283713.jpeg?auto=compress&cs=tinysrgb&h=650&w=940
쥐포채조림 5. 0.,korean dried fish jerky korean braised dish food,https://images.pexels.com/photos/18283713/pexels-photo-18283713.jpeg?auto=compress&cs=tinysrgb&h=650&w=940
진미채조림,korean shredded dried squid korean braised dish food,https://images.pexels.com/photos/12755998/pexels-photo-12755998.jpeg?auto=compress&cs=tinysrgb&h=650&w=940
쪽파김치,korean scallion kimchi scallion kimchi food,https://images.pexels.com/photos/12755998/pexels-photo-12755998.jpeg?auto=compress&cs=tinysrgb&h=650&w=940
참나물고추장무침,korean korean parsley greens korean chili paste korean seasoned salad food,https://images.pexels.com/photos/12755998/pexels-photo-12755998.jpeg?auto=compress&cs=tinysrgb&h=650&w=940
참나물무침,korean korean parsley greens korean seasoned salad korean radish food,https://images.pexels.com/photos/2781540/pexels-photo-2781540.jpeg?auto=compress&cs=tinysrgb&h=650&w=940
초벌부추겉절이,korean fresh kimchi garlic chive food,https://images.pexels.com/photos/12755998/pexels-photo-12755998.jpeg?auto=compress&cs=tinysrgb&h=650&w=940
코다리강정,korean dried pollock braised korean sweet crispy glazed food,https://images.pexels.com/photos/18283713/pexels-photo-18283713.jpeg?auto=compress&cs=tinysrgb&h=650&w=940
코다리찜,korean dried pollock braised korean braised steamed dish food,https://images.pexels.com/photos/15597769/pexels-photo-15597769.jpeg?auto=compress&cs=tinysrgb&h=650&w=940
콩나물무채국,korean bean sprouts korean radish korean soup food,https://images.pexels.com/photos/13085835/pexels-photo-13085835.jpeg?auto=compress&cs=tinysrgb&h=650&w=940
콩나물표고솥밥,korean bean sprouts korean pot rice food,https://images.pexels.com/photos/2781540/pexels-photo-2781540.jpeg?auto=compress&cs=tinysrgb&h=650&w=940
퀘사디아밀키트,korean quesadilla meal kit food,https://images.pexels.com/photos/9026623/pexels-photo-9026623.jpeg?auto=compress&cs=tinysrgb&h=650&w=940
통들깨멸치볶음,korean perilla seed korean stir fry food,https://images.pexels.com/photos/15955380/pexels-photo-15955380.jpeg?auto=compress&cs=tinysrgb&h=650&w=940
통들깨버섯볶음,korean mushroom perilla seed korean stir fry food,https://images.pexels.com/photos/15955380/pexels-photo-15955380.jpeg?auto=compress&cs=tinysrgb&h=650&w=940
통영멍게비빔밥키트,korean bibimbap sea pineapple crab food,https://images.pexels.com/photos/18113137/pexels-photo-18113137.jpeg?auto=compress&cs=tinysrgb&h=650&w=940
하이라이스,korean japanese hayashi rice food,https://images.pexels.com/photos/18283713/pexels-photo-18283713.jpeg?auto=compress&cs=tinysrgb&h=650&w=940
